{"min_lon": -0.01673520582200209, "max_lon": 4.318389420764319, "min_lat": 47.39367473384045, "max_lat": 50.25007351584709}